,AuNP_0,AuNP_60,AuNP_120,AuNP_180,AuNP_240,AuNP_300,AuNP_600
Si-CH3,10.243965321010972,2.3709509924772476,-10.860364324516162,7.785049749708957,-20.54828532082241,5.663233233815589,8.068778986186473
Si-H (bend),21.42633510838207,12.764985412131704,25.022815741628417,21.501232864215126,-27.28614666081498,17.19326552446377,25.314042770626166
Si-O-Si,19.21907633361127,9.940646524425006,81.51094339120684,65.23489521718042,19.948300940514144,64.29025813217262,16.44278168848973
Si-H (stretch),4.2753136538727174,3.1480763556790046,3.566606250001362,3.5728655379065186,5.881543036426557,3.168606004675277,4.139486515705306
CH3,16.61654599068818,12.204097924899736,13.527967855730484,,20.77450430194336,12.2168332600987,
vinyl (C=C),-0.039983089891475206,-0.028872428754059563,-0.03239921802737315,-0.032581169880900124,-0.0537750817229973,-0.029100663044080377,-0.03787675321650397
