k,k_error,loading
0.004544436324971818,0.0008131259892267117,1e-06
