k,k_error,loading
0.0005241724291696408,0.0003399045935298829,0.0
0.0020793718752134516,0.00044641023059404023,0.005
