k,k_error,loading
0.0005241724291696408,0.0003399045935298829,0.0
0.004544436324971818,0.0008131259892267117,1e-06
