k,k_error,loading
0.05775656192863743,0.025500731500530918,0.0
0.05287584996876471,0.03823427569941955,0.0001
0.06835624989041476,0.023102367686801555,0.01
0.0940549075365208,0.03771380236238723,10.0
