,CB-5e-3_0,AuNP_0,CB-5e-3_1,AuNP_1,CB-5e-3_2,AuNP_2,CB-5e-3_3,AuNP_3,CB-5e-3_4,AuNP_4
Si-CH3,10.324863110874851,10.449886693315726,9.54289856383371,10.223020212622814,9.665741364205438,10.181441274592409,9.738875374588176,10.490911227776479,10.346374499198362,9.92540897271256
Si-H (bend),3.904174934118977,5.360232886195941,3.50135223272709,5.251957363982825,3.6049655722695952,5.254167604400688,3.6130854969815047,5.419065928247431,3.993636096622584,5.1369055106812915
Si-O-Si,168.48001693892556,163.63985463826447,153.20487283530454,158.6967380741746,156.1066559317204,157.32649633976968,156.93891782664588,162.98733305680577,166.28210533617806,155.54561279315638
Si-H (stretch),-0.39984477760319237,-0.4224211635569759,-0.6781321751230962,-0.3719928181975263,-0.7680728618692996,-0.44838468300680034,-0.572326071002724,-0.459688656301509,-0.7247121025245598,-0.3550656587035075
CH3,14.077502307584332,13.461332024779585,12.642075456520928,13.030925185734691,12.889285561974901,12.999262928407147,12.965369090035527,13.261735943291676,13.776975303673556,12.804796867104795
vinyl (C=C),-0.001592761857093783,-0.0035290132671769725,-0.0014995015380204757,-0.0055167438495000165,0.001987855218920781,-0.0004820088526211741,-0.0004629161981477836,-0.0006204178750309763,0.003069294312471438,-0.0035369566834504707
